{"cameraMode":{"drawMode":0,"name":"Shaded","section":"Shading Mode"},"sceneLighting":false,"audioPlay":false,"sceneViewState":{"m_AlwaysRefresh":true,"showFog":true,"showSkybox":false,"showFlares":true,"showImageEffects":true,"showParticleSystems":true,"showVisualEffectGraphs":true,"m_FxEnabled":false},"in2DMode":false,"pivot":{"x":1279.923583984375,"y":720.1964111328125,"z":0.05434033274650574},"rotation":{"x":-0.29212814569473269,"y":0.4017036557197571,"z":-0.13692085444927216,"w":-0.8570585250854492},"size":0.6072255969047546,"orthographic":false}