{"cameraMode":{"drawMode":0,"name":"Shaded","section":"Shading Mode"},"sceneLighting":false,"audioPlay":false,"sceneViewState":{"m_AlwaysRefresh":true,"showFog":true,"showSkybox":false,"showFlares":true,"showImageEffects":true,"showParticleSystems":true,"showVisualEffectGraphs":true,"m_FxEnabled":false},"in2DMode":false,"pivot":{"x":0.03163738548755646,"y":0.04531846567988396,"z":0.002348370850086212},"rotation":{"x":-0.01581890508532524,"y":0.09941544383764267,"z":-0.0015800166875123978,"w":-0.9949220418930054},"size":0.17966386675834657,"orthographic":false}