{"cameraMode":{"drawMode":0,"name":"Shaded","section":"Shading Mode"},"sceneLighting":false,"audioPlay":false,"sceneViewState":{"m_AlwaysRefresh":true,"showFog":true,"showSkybox":false,"showFlares":true,"showImageEffects":true,"showParticleSystems":true,"showVisualEffectGraphs":true,"m_FxEnabled":false},"in2DMode":false,"pivot":{"x":-0.004410621710121632,"y":-0.0005960613489151001,"z":0.005666538141667843},"rotation":{"x":-0.24436470866203309,"y":-0.6521365642547607,"z":0.23502369225025178,"w":-0.6780670881271362},"size":0.02816762961447239,"orthographic":false}