{"cameraMode":{"drawMode":0,"name":"Shaded","section":"Shading Mode"},"sceneLighting":false,"audioPlay":false,"sceneViewState":{"m_AlwaysRefresh":true,"showFog":true,"showSkybox":false,"showFlares":true,"showImageEffects":true,"showParticleSystems":true,"showVisualEffectGraphs":true,"m_FxEnabled":false},"in2DMode":false,"pivot":{"x":0.009745772927999497,"y":0.002359580248594284,"z":0.06572321057319641},"rotation":{"x":0.14205420017242433,"y":0.6672147512435913,"z":-0.13178184628486634,"w":0.719229519367218},"size":0.43197551369667055,"orthographic":false}