{"cameraMode":{"drawMode":0,"name":"Shaded","section":"Shading Mode"},"sceneLighting":false,"audioPlay":false,"sceneViewState":{"m_AlwaysRefresh":true,"showFog":true,"showSkybox":false,"showFlares":true,"showImageEffects":true,"showParticleSystems":true,"showVisualEffectGraphs":true,"m_FxEnabled":false},"in2DMode":false,"pivot":{"x":18.420072555541993,"y":2.1754956245422365,"z":-22.7280216217041},"rotation":{"x":-0.34563741087913515,"y":0.46415576338768008,"z":-0.20312516391277314,"w":-0.7898449301719666},"size":0.30994608998298647,"orthographic":false}