{"cameraMode":{"drawMode":0,"name":"Shaded","section":"Shading Mode"},"sceneLighting":false,"audioPlay":false,"sceneViewState":{"m_AlwaysRefresh":true,"showFog":true,"showSkybox":false,"showFlares":true,"showImageEffects":true,"showParticleSystems":true,"showVisualEffectGraphs":true,"m_FxEnabled":false},"in2DMode":false,"pivot":{"x":-1.8427174091339112,"y":3.334348678588867,"z":1.2314579486846924},"rotation":{"x":-0.04027310013771057,"y":0.10352730005979538,"z":-0.0041801235638558868,"w":-0.993819534778595},"size":3.803635358810425,"orthographic":false}