{"cameraMode":{"drawMode":0,"name":"Shaded","section":"Shading Mode"},"sceneLighting":false,"audioPlay":false,"sceneViewState":{"m_AlwaysRefresh":true,"showFog":true,"showSkybox":false,"showFlares":true,"showImageEffects":true,"showParticleSystems":true,"showVisualEffectGraphs":true,"m_FxEnabled":false},"in2DMode":false,"pivot":{"x":-0.07606512308120728,"y":0.6013432145118713,"z":-0.1859235167503357},"rotation":{"x":-0.1656988114118576,"y":0.7313286662101746,"z":-0.19134069979190827,"w":-0.6333228349685669},"size":2.0397112369537355,"orthographic":false}