{"cameraMode":{"drawMode":0,"name":"Shaded","section":"Shading Mode"},"sceneLighting":false,"audioPlay":false,"sceneViewState":{"m_AlwaysRefresh":true,"showFog":true,"showSkybox":false,"showFlares":true,"showImageEffects":true,"showParticleSystems":true,"showVisualEffectGraphs":true,"m_FxEnabled":false},"in2DMode":false,"pivot":{"x":-0.00006824731826782227,"y":0.21669244766235352,"z":0.16004745662212373},"rotation":{"x":0.17249459028244019,"y":0.12960933148860932,"z":-0.02290274389088154,"w":0.976179301738739},"size":1.733691930770874,"orthographic":false}