{"cameraMode":{"drawMode":0,"name":"Shaded","section":"Shading Mode"},"sceneLighting":false,"audioPlay":false,"sceneViewState":{"m_AlwaysRefresh":true,"showFog":true,"showSkybox":false,"showFlares":true,"showImageEffects":true,"showParticleSystems":true,"showVisualEffectGraphs":true,"m_FxEnabled":false},"in2DMode":false,"pivot":{"x":0.602880597114563,"y":-0.10003739595413208,"z":0.37630847096443179},"rotation":{"x":0.18904554843902589,"y":-0.01060531660914421,"z":0.0020411836449056865,"w":0.9819177985191345},"size":0.3519284725189209,"orthographic":false}