{"cameraMode":{"drawMode":0,"name":"Shaded","section":"Shading Mode"},"sceneLighting":false,"audioPlay":false,"sceneViewState":{"m_AlwaysRefresh":true,"showFog":true,"showSkybox":false,"showFlares":true,"showImageEffects":true,"showParticleSystems":true,"showVisualEffectGraphs":true,"m_FxEnabled":false},"in2DMode":false,"pivot":{"x":0.1055091917514801,"y":0.00386163592338562,"z":0.0002663806080818176},"rotation":{"x":-0.01581890508532524,"y":0.09941544383764267,"z":-0.0015800166875123978,"w":-0.9949220418930054},"size":0.4892895221710205,"orthographic":false}