{"cameraMode":{"drawMode":0,"name":"Shaded","section":"Shading Mode"},"sceneLighting":false,"audioPlay":false,"sceneViewState":{"m_AlwaysRefresh":true,"showFog":true,"showSkybox":false,"showFlares":true,"showImageEffects":true,"showParticleSystems":true,"showVisualEffectGraphs":true,"m_FxEnabled":false},"in2DMode":false,"pivot":{"x":18.306312561035158,"y":7.11317253112793,"z":-22.559988021850587},"rotation":{"x":0.026895752176642419,"y":0.9703845977783203,"z":-0.12883985042572022,"w":0.20256942510604859},"size":0.6238917112350464,"orthographic":false}