{"cameraMode":{"drawMode":0,"name":"Shaded","section":"Shading Mode"},"sceneLighting":false,"audioPlay":false,"sceneViewState":{"m_AlwaysRefresh":true,"showFog":true,"showSkybox":false,"showFlares":true,"showImageEffects":true,"showParticleSystems":true,"showVisualEffectGraphs":true,"m_FxEnabled":false},"in2DMode":false,"pivot":{"x":0.002429962158203125,"y":-0.00015115737915039063,"z":0.0039806365966796879},"rotation":{"x":0.17249459028244019,"y":0.12960933148860932,"z":-0.02290274389088154,"w":0.976179301738739},"size":1.2513772249221802,"orthographic":false}