{"cameraMode":{"drawMode":0,"name":"Shaded","section":"Shading Mode"},"sceneLighting":false,"audioPlay":false,"sceneViewState":{"m_AlwaysRefresh":true,"showFog":true,"showSkybox":false,"showFlares":true,"showImageEffects":true,"showParticleSystems":true,"showVisualEffectGraphs":true,"m_FxEnabled":false},"in2DMode":false,"pivot":{"x":-1.0355890989303589,"y":-0.4447506368160248,"z":-2.0232901573181154},"rotation":{"x":0.025846116244792939,"y":-0.9645673632621765,"z":0.10311168432235718,"w":0.24157825112342835},"size":1.497931957244873,"orthographic":false}