{"cameraMode":{"drawMode":0,"name":"Shaded","section":"Shading Mode"},"sceneLighting":false,"audioPlay":false,"sceneViewState":{"m_AlwaysRefresh":true,"showFog":true,"showSkybox":false,"showFlares":true,"showImageEffects":true,"showParticleSystems":true,"showVisualEffectGraphs":true,"m_FxEnabled":false},"in2DMode":false,"pivot":{"x":1.206345796585083,"y":0.04209831357002258,"z":0.08093810081481934},"rotation":{"x":0.019842900335788728,"y":0.9698953032493591,"z":-0.08459437638521195,"w":0.22750195860862733},"size":0.6655404567718506,"orthographic":false}