{"cameraMode":{"drawMode":0,"name":"Shaded","section":"Shading Mode"},"sceneLighting":true,"audioPlay":false,"sceneViewState":{"m_AlwaysRefresh":true,"showFog":true,"showSkybox":true,"showFlares":true,"showImageEffects":true,"showParticleSystems":true,"showVisualEffectGraphs":true,"m_FxEnabled":false},"in2DMode":false,"pivot":{"x":8.511595726013184,"y":1.26457941532135,"z":0.19270381331443788},"rotation":{"x":0.23260216414928437,"y":0.4147738814353943,"z":-0.11044614762067795,"w":0.8728514909744263},"size":2.9749321937561037,"orthographic":false}