{"cameraMode":{"drawMode":0,"name":"Shaded","section":"Shading Mode"},"sceneLighting":false,"audioPlay":false,"sceneViewState":{"m_AlwaysRefresh":true,"showFog":true,"showSkybox":false,"showFlares":true,"showImageEffects":true,"showParticleSystems":true,"showVisualEffectGraphs":true,"m_FxEnabled":false},"in2DMode":false,"pivot":{"x":0.5009999871253967,"y":0.03261619061231613,"z":-0.052069127559661868},"rotation":{"x":0.17253999412059785,"y":0.7531737685203552,"z":-0.21796566247940064,"w":0.5962105989456177},"size":0.3313581347465515,"orthographic":false}