{"cameraMode":{"drawMode":0,"name":"Shaded","section":"Shading Mode"},"sceneLighting":false,"audioPlay":false,"sceneViewState":{"m_AlwaysRefresh":true,"showFog":true,"showSkybox":false,"showFlares":true,"showImageEffects":true,"showParticleSystems":true,"showVisualEffectGraphs":true,"m_FxEnabled":false},"in2DMode":false,"pivot":{"x":1.0244548320770264e-7,"y":0.0019405800849199296,"z":-0.0002873493358492851},"rotation":{"x":-0.01581890508532524,"y":0.09941544383764267,"z":-0.0015800166875123978,"w":-0.9949220418930054},"size":0.02399672567844391,"orthographic":false}