{"cameraMode":{"drawMode":0,"name":"Shaded","section":"Shading Mode"},"sceneLighting":false,"audioPlay":false,"sceneViewState":{"m_AlwaysRefresh":true,"showFog":true,"showSkybox":false,"showFlares":true,"showImageEffects":true,"showParticleSystems":true,"showVisualEffectGraphs":true,"m_FxEnabled":false},"in2DMode":false,"pivot":{"x":-0.5018582344055176,"y":0.8814969062805176,"z":0.0019573995377868416},"rotation":{"x":-0.0142256123945117,"y":0.7063301205635071,"z":0.014200561679899693,"w":0.7075997591018677},"size":0.4772993326187134,"orthographic":false}