{"cameraMode":{"drawMode":0,"name":"Shaded","section":"Shading Mode"},"sceneLighting":false,"audioPlay":false,"sceneViewState":{"m_AlwaysRefresh":true,"showFog":true,"showSkybox":false,"showFlares":true,"showImageEffects":true,"showParticleSystems":true,"showVisualEffectGraphs":true,"m_FxEnabled":false},"in2DMode":false,"pivot":{"x":0.004426196217536926,"y":0.009766697883605957,"z":3.725290298461914e-9},"rotation":{"x":-0.01581890508532524,"y":0.09941544383764267,"z":-0.0015800166875123978,"w":-0.9949220418930054},"size":0.09973753243684769,"orthographic":false}