{"cameraMode":{"drawMode":0,"name":"Shaded","section":"Shading Mode"},"sceneLighting":false,"audioPlay":false,"sceneViewState":{"m_AlwaysRefresh":true,"showFog":true,"showSkybox":false,"showFlares":true,"showImageEffects":true,"showParticleSystems":true,"showVisualEffectGraphs":true,"m_FxEnabled":false},"in2DMode":false,"pivot":{"x":-1.0637359619140626,"y":0.37968018651008608,"z":2.7150228023529054},"rotation":{"x":0.16280609369277955,"y":0.2756670415401459,"z":-0.047433458268642429,"w":0.9461793899536133},"size":0.7979457974433899,"orthographic":false}