{"cameraMode":{"drawMode":0,"name":"Shaded","section":"Shading Mode"},"sceneLighting":false,"audioPlay":false,"sceneViewState":{"m_AlwaysRefresh":true,"showFog":true,"showSkybox":false,"showFlares":true,"showImageEffects":true,"showParticleSystems":true,"showVisualEffectGraphs":true,"m_FxEnabled":false},"in2DMode":false,"pivot":{"x":0.322164922952652,"y":-0.2660374641418457,"z":-0.17329958081245423},"rotation":{"x":0.013803442008793354,"y":-0.9045147895812988,"z":0.4252752959728241,"w":0.029314158484339715},"size":0.5229427814483643,"orthographic":false}