{"cameraMode":{"drawMode":0,"name":"Shaded","section":"Shading Mode"},"sceneLighting":false,"audioPlay":false,"sceneViewState":{"m_AlwaysRefresh":true,"showFog":true,"showSkybox":false,"showFlares":true,"showImageEffects":true,"showParticleSystems":true,"showVisualEffectGraphs":true,"m_FxEnabled":false},"in2DMode":false,"pivot":{"x":9.94652509689331e-7,"y":8.493661880493164e-7,"z":2.7939677238464357e-8},"rotation":{"x":-0.14979811012744904,"y":-0.20977185666561128,"z":0.03254183754324913,"w":-0.9656625986099243},"size":0.05576866492629051,"orthographic":false}