{"cameraMode":{"drawMode":0,"name":"Shaded","section":"Shading Mode"},"sceneLighting":false,"audioPlay":false,"sceneViewState":{"m_AlwaysRefresh":true,"showFog":true,"showSkybox":false,"showFlares":true,"showImageEffects":true,"showParticleSystems":true,"showVisualEffectGraphs":true,"m_FxEnabled":false},"in2DMode":false,"pivot":{"x":-0.06912790238857269,"y":0.2655137777328491,"z":0.2978990972042084},"rotation":{"x":-0.026084493845701219,"y":-0.03298278525471687,"z":-0.0008613747777417302,"w":0.9991170167922974},"size":0.6578981876373291,"orthographic":false}