{"cameraMode":{"drawMode":0,"name":"Shaded","section":"Shading Mode"},"sceneLighting":false,"audioPlay":false,"sceneViewState":{"m_AlwaysRefresh":true,"showFog":true,"showSkybox":false,"showFlares":true,"showImageEffects":true,"showParticleSystems":true,"showVisualEffectGraphs":true,"m_FxEnabled":false},"in2DMode":false,"pivot":{"x":0.012154459953308106,"y":-0.021114587783813478,"z":-0.04958680272102356},"rotation":{"x":-0.0034853352699428798,"y":0.9949147701263428,"z":-0.03702772408723831,"w":-0.09370224922895432},"size":0.44735831022262576,"orthographic":false}