{"cameraMode":{"drawMode":0,"name":"Shaded","section":"Shading Mode"},"sceneLighting":false,"audioPlay":false,"sceneViewState":{"m_AlwaysRefresh":true,"showFog":true,"showSkybox":false,"showFlares":true,"showImageEffects":true,"showParticleSystems":true,"showVisualEffectGraphs":true,"m_FxEnabled":false},"in2DMode":false,"pivot":{"x":0.14099544286727906,"y":0.0036406517028808595,"z":0.00015277788043022156},"rotation":{"x":-0.01581890508532524,"y":0.09941544383764267,"z":-0.0015800166875123978,"w":-0.9949220418930054},"size":0.43811526894569399,"orthographic":false}