{"cameraMode":{"drawMode":0,"name":"Shaded","section":"Shading Mode"},"sceneLighting":false,"audioPlay":false,"sceneViewState":{"m_AlwaysRefresh":true,"showFog":true,"showSkybox":false,"showFlares":true,"showImageEffects":true,"showParticleSystems":true,"showVisualEffectGraphs":true,"m_FxEnabled":false},"in2DMode":false,"pivot":{"x":-0.007667273283004761,"y":0.08951008319854737,"z":-0.03245024383068085},"rotation":{"x":-0.14979811012744904,"y":-0.20977185666561128,"z":0.03254183754324913,"w":-0.9656625986099243},"size":0.4392385482788086,"orthographic":false}