{"cameraMode":{"drawMode":0,"name":"Shaded","section":"Shading Mode"},"sceneLighting":false,"audioPlay":false,"sceneViewState":{"m_AlwaysRefresh":true,"showFog":true,"showSkybox":false,"showFlares":true,"showImageEffects":true,"showParticleSystems":true,"showVisualEffectGraphs":true,"m_FxEnabled":false},"in2DMode":false,"pivot":{"x":-0.21427635848522187,"y":1.3605449199676514,"z":2.0956172943115236},"rotation":{"x":0.09729268401861191,"y":0.032837335020303729,"z":-0.0032119869720190765,"w":0.9947105646133423},"size":0.35355374217033389,"orthographic":false}