{"cameraMode":{"drawMode":0,"name":"Shaded","section":"Shading Mode"},"sceneLighting":false,"audioPlay":false,"sceneViewState":{"m_AlwaysRefresh":true,"showFog":true,"showSkybox":false,"showFlares":true,"showImageEffects":true,"showParticleSystems":true,"showVisualEffectGraphs":true,"m_FxEnabled":false},"in2DMode":false,"pivot":{"x":0.24418103694915772,"y":-0.9520049095153809,"z":0.23203293979167939},"rotation":{"x":0.5346444845199585,"y":0.3335248827934265,"z":-0.2416502982378006,"w":0.7379200458526611},"size":0.8278762698173523,"orthographic":false}