{"cameraMode":{"drawMode":0,"name":"Shaded","section":"Shading Mode"},"sceneLighting":false,"audioPlay":false,"sceneViewState":{"m_AlwaysRefresh":true,"showFog":true,"showSkybox":false,"showFlares":true,"showImageEffects":true,"showParticleSystems":true,"showVisualEffectGraphs":true,"m_FxEnabled":false},"in2DMode":false,"pivot":{"x":0.0037999898195266725,"y":-0.01634146273136139,"z":0.1454365998506546},"rotation":{"x":0.21361590921878816,"y":-0.5974069237709045,"z":0.1692027449607849,"w":0.7542173862457275},"size":0.414142906665802,"orthographic":false}