{"cameraMode":{"drawMode":0,"name":"Shaded","section":"Shading Mode"},"sceneLighting":false,"audioPlay":false,"sceneViewState":{"m_AlwaysRefresh":true,"showFog":true,"showSkybox":false,"showFlares":true,"showImageEffects":true,"showParticleSystems":true,"showVisualEffectGraphs":true,"m_FxEnabled":false},"in2DMode":false,"pivot":{"x":-0.376653254032135,"y":-0.057703495025634769,"z":0.3795514702796936},"rotation":{"x":0.19151122868061067,"y":0.08849090337753296,"z":-0.0173400416970253,"w":0.9773390889167786},"size":1.0683112144470215,"orthographic":false}