{"cameraMode":{"drawMode":0,"name":"Shaded","section":"Shading Mode"},"sceneLighting":false,"audioPlay":false,"sceneViewState":{"m_AlwaysRefresh":true,"showFog":true,"showSkybox":false,"showFlares":true,"showImageEffects":true,"showParticleSystems":true,"showVisualEffectGraphs":true,"m_FxEnabled":false},"in2DMode":false,"pivot":{"x":0.18823237717151643,"y":0.5415506362915039,"z":-0.10123372077941895},"rotation":{"x":0.0652742087841034,"y":0.6992519497871399,"z":-0.06437867879867554,"w":0.7089731097221375},"size":1.501671552658081,"orthographic":false}