{"cameraMode":{"drawMode":0,"name":"Shaded","section":"Shading Mode"},"sceneLighting":false,"audioPlay":false,"sceneViewState":{"m_AlwaysRefresh":true,"showFog":true,"showSkybox":false,"showFlares":true,"showImageEffects":true,"showParticleSystems":true,"showVisualEffectGraphs":true,"m_FxEnabled":false},"in2DMode":false,"pivot":{"x":2.3283064365386964e-7,"y":-0.010208908468484879,"z":0.010756753385066986},"rotation":{"x":0.14205420017242433,"y":0.6672147512435913,"z":-0.13178184628486634,"w":0.719229519367218},"size":0.14843696355819703,"orthographic":false}