{"cameraMode":{"drawMode":0,"name":"Shaded","section":"Shading Mode"},"sceneLighting":false,"audioPlay":false,"sceneViewState":{"m_AlwaysRefresh":true,"showFog":true,"showSkybox":false,"showFlares":true,"showImageEffects":true,"showParticleSystems":true,"showVisualEffectGraphs":true,"m_FxEnabled":false},"in2DMode":false,"pivot":{"x":0.5741351842880249,"y":-0.18692341446876527,"z":0.9090332388877869},"rotation":{"x":0.16280609369277955,"y":0.2756670415401459,"z":-0.047433458268642429,"w":0.9461793899536133},"size":2.4792580604553224,"orthographic":false}