{"cameraMode":{"drawMode":0,"name":"Shaded","section":"Shading Mode"},"sceneLighting":false,"audioPlay":false,"sceneViewState":{"m_AlwaysRefresh":true,"showFog":true,"showSkybox":false,"showFlares":true,"showImageEffects":true,"showParticleSystems":true,"showVisualEffectGraphs":true,"m_FxEnabled":false},"in2DMode":false,"pivot":{"x":0.20225518941879273,"y":0.1002475693821907,"z":0.2642768621444702},"rotation":{"x":0.018593676388263704,"y":-0.9154940247535706,"z":-0.04260307922959328,"w":-0.39964723587036135},"size":0.31882601976394656,"orthographic":false}