{"cameraMode":{"drawMode":0,"name":"Shaded","section":"Shading Mode"},"sceneLighting":false,"audioPlay":false,"sceneViewState":{"m_AlwaysRefresh":true,"showFog":true,"showSkybox":false,"showFlares":true,"showImageEffects":true,"showParticleSystems":true,"showVisualEffectGraphs":true,"m_FxEnabled":false},"in2DMode":false,"pivot":{"x":2.491287887096405e-8,"y":0.002698194235563278,"z":-1.4435499906539917e-8},"rotation":{"x":-0.02908622846007347,"y":0.6305211782455444,"z":-0.023655617609620096,"w":-0.7752664685249329},"size":0.019533652812242509,"orthographic":false}