{"cameraMode":{"drawMode":0,"name":"Shaded","section":"Shading Mode"},"sceneLighting":false,"audioPlay":false,"sceneViewState":{"m_AlwaysRefresh":true,"showFog":true,"showSkybox":false,"showFlares":true,"showImageEffects":true,"showParticleSystems":true,"showVisualEffectGraphs":true,"m_FxEnabled":false},"in2DMode":false,"pivot":{"x":5.691006183624268,"y":-0.058177314698696139,"z":-0.12451456487178803},"rotation":{"x":0.08162587136030197,"y":-0.733762264251709,"z":0.08959353715181351,"w":0.6685097217559815},"size":0.6247450113296509,"orthographic":false}