{"cameraMode":{"drawMode":0,"name":"Shaded","section":"Shading Mode"},"sceneLighting":false,"audioPlay":false,"sceneViewState":{"m_AlwaysRefresh":true,"showFog":true,"showSkybox":false,"showFlares":true,"showImageEffects":true,"showParticleSystems":true,"showVisualEffectGraphs":true,"m_FxEnabled":false},"in2DMode":false,"pivot":{"x":-0.045987002551555637,"y":0.00963519886136055,"z":0.10019108653068543},"rotation":{"x":-0.047777626663446429,"y":-0.5632096529006958,"z":0.03264624997973442,"w":-0.8242893218994141},"size":0.14779654145240785,"orthographic":false}