{"cameraMode":{"drawMode":0,"name":"Shaded","section":"Shading Mode"},"sceneLighting":false,"audioPlay":false,"sceneViewState":{"m_AlwaysRefresh":true,"showFog":true,"showSkybox":false,"showFlares":true,"showImageEffects":true,"showParticleSystems":true,"showVisualEffectGraphs":true,"m_FxEnabled":false},"in2DMode":false,"pivot":{"x":1.0454072952270508,"y":0.5030235052108765,"z":1.4909234046936036},"rotation":{"x":-0.26314058899879458,"y":-0.23105423152446748,"z":0.06506706774234772,"w":-0.9344189763069153},"size":1.3670246601104737,"orthographic":false}